{"cameraMode":{"drawMode":0,"name":"Shaded","section":"Shading Mode"},"sceneLighting":true,"audioPlay":false,"sceneViewState":{"showFog":true,"showMaterialUpdate":false,"showSkybox":true,"showFlares":true,"showImageEffects":true,"showParticleSystems":true},"in2DMode":false,"pivot":{"x":-11.099980354309082,"y":-4.327207565307617,"z":0.5515613555908203},"rotation":{"x":-0.001786635140888393,"y":0.9686864018440247,"z":-0.2481829822063446,"w":-0.006974256597459316},"size":33.0823974609375,"orthographic":false}